<archive xmlns="http://rs.tdwg.org/dwc/text/" metadata="eml.xml">
  <core encoding="UTF-8" fieldsTerminatedBy="\t" linesTerminatedBy="\n" fieldsEnclosedBy="" ignoreHeaderLines="1" rowType="http://rs.tdwg.org/dwc/terms/Occurrence">
    <files>
      <location>occurrence.txt</location>
    </files>
    <id index="0" />
    <field index="1" term="http://rs.tdwg.org/dwc/terms/datasetID"/>
    <field index="2" term="http://rs.tdwg.org/dwc/terms/institutionCode"/>
    <field index="3" term="http://rs.tdwg.org/dwc/terms/basisOfRecord"/>
    <field index="4" term="http://rs.tdwg.org/dwc/terms/occurrenceID"/>
    <field index="5" term="http://rs.tdwg.org/dwc/terms/recordNumber"/>
    <field index="6" term="http://rs.tdwg.org/dwc/terms/recordedBy"/>
    <field index="7" term="http://rs.tdwg.org/dwc/terms/year"/>
    <field index="8" term="http://rs.tdwg.org/dwc/terms/month"/>
    <field index="9" term="http://rs.tdwg.org/dwc/terms/day"/>
    <field index="10" term="http://rs.tdwg.org/dwc/terms/country"/>
    <field index="11" term="http://rs.tdwg.org/dwc/terms/stateProvince"/>
    <field index="12" term="http://rs.tdwg.org/dwc/terms/locality"/>
    <field index="13" term="http://rs.tdwg.org/dwc/terms/verbatimElevation"/>
    <field index="14" term="http://rs.tdwg.org/dwc/terms/decimalLatitude"/>
    <field index="15" term="http://rs.tdwg.org/dwc/terms/decimalLongitude"/>
    <field index="16" term="http://rs.tdwg.org/dwc/terms/identifiedBy"/>
    <field index="17" term="http://rs.tdwg.org/dwc/terms/scientificName"/>
    <field index="18" term="http://rs.tdwg.org/dwc/terms/kingdom"/>
    <field index="19" term="http://rs.tdwg.org/dwc/terms/class"/>
    <field index="20" term="http://rs.tdwg.org/dwc/terms/order"/>
    <field index="21" term="http://rs.tdwg.org/dwc/terms/family"/>
    <field index="22" term="http://rs.tdwg.org/dwc/terms/taxonRank"/>
    <field index="23" term="http://rs.tdwg.org/dwc/terms/vernacularName"/>
  </core>
  <extension encoding="UTF-8" fieldsTerminatedBy="\t" linesTerminatedBy="\n" fieldsEnclosedBy="" ignoreHeaderLines="1" rowType="http://rs.gbif.org/terms/1.0/Multimedia">
    <files>
      <location>multimedia.txt</location>
    </files>
    <coreid index="0" />
    <field index="1" term="http://purl.org/dc/terms/type"/>
    <field index="2" term="http://purl.org/dc/terms/format"/>
    <field index="3" term="http://purl.org/dc/terms/identifier"/>
    <field index="4" term="http://purl.org/dc/terms/title"/>
    <field index="5" term="http://purl.org/dc/terms/created"/>
    <field index="6" term="http://purl.org/dc/terms/creator"/>
    <field index="7" term="http://purl.org/dc/terms/contributor"/>
    <field index="8" term="http://purl.org/dc/terms/license"/>
    <field index="9" term="http://purl.org/dc/terms/rightsHolder"/>
    <field index="10" term="http://rs.tdwg.org/dwc/terms/datasetID"/>
  </extension>
</archive>
